t(ms),F(N),t0(ms),,,,
154909,0,-62,,,I,236.098855
154922,0,-49,,,F_avg,93.50449702
154934,0,-37,,,,
154946,0,-25,,,,
154959,0,-12,,,,
154971,0.931947966,0,0.012115324,,,
154984,0.931947966,13,0.011183376,,,
154996,0.931947966,25,0.012115324,,,
155009,0.931947966,38,0.011183376,,,
155021,0.931947966,50,0.012115324,,,
155034,0.931947966,63,0.011183376,,,
155046,0.931947966,75,0.012115324,,,
155059,0.931947966,88,0.029377604,,,
155071,3.96431937,100,0.051536152,,,
155084,3.96431937,113,0.047571832,,,
155096,3.96431937,125,0.051536152,,,
155109,3.96431937,138,0.047571832,,,
155121,3.96431937,150,0.051536152,,,
155134,3.96431937,163,0.047571832,,,
155146,3.96431937,175,0.086649706,,,
155159,9.366404688,188,0.112396856,,,
155171,9.366404688,200,0.121763261,,,
155184,9.366404688,213,0.112396856,,,
155196,9.366404688,225,0.121763261,,,
155209,9.366404688,238,0.112396856,,,
155221,9.366404688,250,0.121763261,,,
155234,9.366404688,263,0.112396856,,,
155246,9.366404688,275,0.158235633,,,
155259,14.97753889,288,0.179730467,,,
155271,14.97753889,300,0.194708006,,,
155284,14.97753889,313,0.194708006,,,
155297,14.97753889,326,0.299550778,,,
155317,14.97753889,346,0.059910156,,,
155321,14.97753889,350,0.194708006,,,
155334,14.97753889,363,0.230083558,,,
155346,23.36972081,375,0.303806371,,,
155359,23.36972081,388,0.28043665,,,
155371,23.36972081,400,0.303806371,,,
155384,23.36972081,413,0.28043665,,,
155396,23.36972081,425,0.303806371,,,
155409,23.36972081,438,0.28043665,,,
155421,23.36972081,450,0.422046872,,,
155434,41.56056725,463,0.498726807,,,
155446,41.56056725,475,0.540287374,,,
155459,41.56056725,488,0.498726807,,,
155471,41.56056725,500,0.540287374,,,
155484,41.56056725,513,0.498726807,,,
155496,41.56056725,525,0.540287374,,,
155509,41.56056725,538,0.498726807,,,
155521,41.56056725,550,0.732460477,,,
155534,71.12566001,563,0.92463358,,,
155547,71.12566001,576,0.85350792,,,
155559,71.12566001,588,0.85350792,,,
155571,71.12566001,600,0.92463358,,,
155584,71.12566001,613,0.85350792,,,
155596,71.12566001,625,0.92463358,,,
155609,71.12566001,638,1.163086175,,,
155622,107.8106746,651,1.293728095,,,
155634,107.8106746,663,1.293728095,,,
155646,107.8106746,675,1.40153877,,,
155659,107.8106746,688,1.293728095,,,
155671,107.8106746,700,1.40153877,,,
155684,107.8106746,713,1.293728095,,,
155696,107.8106746,725,1.40153877,,,
155709,107.8106746,738,1.473781964,,,
155721,137.8196527,750,1.791655485,,,
155734,137.8196527,763,1.653835832,,,
155746,137.8196527,775,1.791655485,,,
155759,137.8196527,788,1.653835832,,,
155771,137.8196527,800,1.791655485,,,
155784,137.8196527,813,1.653835832,,,
155796,137.8196527,825,1.9714426,,,
155809,165.4792089,838,1.985750507,,,
155821,165.4792089,850,2.151229716,,,
155834,165.4792089,863,1.985750507,,,
155846,165.4792089,875,2.151229716,,,
155859,165.4792089,888,1.985750507,,,
155871,165.4792089,900,2.151229716,,,
155884,165.4792089,913,1.985750507,,,
155896,165.4792089,925,2.256651441,,,
155909,181.6979359,938,2.180375231,,,
155921,181.6979359,950,2.362073167,,,
155934,181.6979359,963,2.180375231,,,
155946,181.6979359,975,2.362073167,,,
155959,181.6979359,988,2.180375231,,,
155971,181.6979359,1000,2.362073167,,,
155984,181.6979359,1013,2.230006691,,,
155996,189.969846,1025,2.469607998,,,
156009,189.969846,1038,2.279638152,,,
156021,189.969846,1050,2.469607998,,,
156034,189.969846,1063,2.279638152,,,
156046,189.969846,1075,2.469607998,,,
156059,189.969846,1088,2.279638152,,,
156071,189.969846,1100,2.495281273,,,
156084,193.9195806,1113,2.327034967,,,
156096,193.9195806,1125,4.072311193,,,
156117,193.9195806,1146,0.775678322,,,
156121,193.9195806,1150,2.520954548,,,
156134,193.9195806,1163,2.327034967,,,
156146,193.9195806,1175,2.520954548,,,
156159,193.9195806,1188,2.327034967,,,
156171,193.9195806,1200,2.520788302,,,
156184,193.8940043,1213,2.326728052,,,
156196,193.8940043,1225,2.520622056,,,
156209,193.8940043,1238,2.326728052,,,
156221,193.8940043,1250,2.520622056,,,
156234,193.8940043,1263,2.326728052,,,
156246,193.8940043,1275,2.520622056,,,
156259,193.8940043,1288,2.310445067,,,
156271,191.1801735,1300,2.485342256,,,
156284,191.1801735,1313,2.294162082,,,
156296,191.1801735,1325,2.485342256,,,
156309,191.1801735,1338,2.294162082,,,
156321,191.1801735,1350,2.485342256,,,
156334,191.1801735,1363,2.294162082,,,
156346,191.1801735,1375,2.485342256,,,
156359,191.1801735,1388,2.264937936,,,
156371,186.3094825,1400,2.422023273,,,
156384,186.3094825,1413,2.23571379,,,
156396,186.3094825,1425,2.422023273,,,
156409,186.3094825,1438,2.23571379,,,
156421,186.3094825,1450,2.422023273,,,
156434,186.3094825,1463,2.23571379,,,
156446,186.3094825,1475,2.381119972,,,
156459,180.0166671,1488,2.160200005,,,
156471,180.0166671,1500,2.340216672,,,
156484,180.0166671,1513,2.160200005,,,
156496,180.0166671,1525,2.340216672,,,
156509,180.0166671,1538,2.160200005,,,
156521,180.0166671,1550,2.340216672,,,
156534,180.0166671,1563,2.160200005,,,
156546,180.0166671,1575,2.258253445,,,
156559,167.4069398,1588,2.008883278,,,
156571,167.4069398,1600,2.176290217,,,
156584,167.4069398,1613,2.008883278,,,
156596,167.4069398,1625,2.176290217,,,
156609,167.4069398,1638,2.008883278,,,
156621,167.4069398,1650,2.176290217,,,
156634,167.4069398,1663,1.86405869,,,
156646,143.2695086,1675,1.862503612,,,
156659,143.2695086,1688,1.719234103,,,
156671,143.2695086,1700,1.862503612,,,
156684,143.2695086,1713,1.719234103,,,
156696,143.2695086,1725,1.862503612,,,
156709,143.2695086,1738,1.719234103,,,
156721,143.2695086,1750,1.632209419,,,
156734,107.8396328,1763,1.294075594,,,
156746,107.8396328,1775,1.401915226,,,
156759,107.8396328,1788,1.294075594,,,
156771,107.8396328,1800,1.401915226,,,
156784,107.8396328,1813,1.294075594,,,
156796,107.8396328,1825,1.401915226,,,
156809,107.8396328,1838,1.294075594,,,
156821,107.8396328,1850,1.182532794,,,
156834,74.08848937,1863,0.889061872,,,
156846,74.08848937,1875,0.963150362,,,
156859,74.08848937,1888,0.889061872,,,
156871,74.08848937,1900,0.963150362,,,
156884,74.08848937,1913,0.889061872,,,
156896,74.08848937,1925,1.555858277,,,
156917,74.08848937,1946,0.246203785,,,
156921,49.01340312,1950,0.637174241,,,
156934,49.01340312,1963,0.588160837,,,
156946,49.01340312,1975,0.637174241,,,
156959,49.01340312,1988,0.588160837,,,
156971,49.01340312,2000,0.637174241,,,
156984,49.01340312,2013,0.588160837,,,
156996,49.01340312,2025,0.637174241,,,
157009,49.01340312,2038,0.489674081,,,
157021,32.59894378,2050,0.423786269,,,
157034,32.59894378,2063,0.391187325,,,
157046,32.59894378,2075,0.423786269,,,
157059,32.59894378,2088,0.391187325,,,
157071,32.59894378,2100,0.423786269,,,
157084,32.59894378,2113,0.391187325,,,
157096,32.59894378,2125,0.361188599,,,
157109,22.96853296,2138,0.275622396,,,
157121,22.96853296,2150,0.298590928,,,
157134,22.96853296,2163,0.275622396,,,
157146,22.96853296,2175,0.298590928,,,
157159,22.96853296,2188,0.275622396,,,
157171,22.96853296,2200,0.298590928,,,
157184,22.96853296,2213,0.275622396,,,
157196,22.96853296,2225,0.266252715,,,
157209,17.99342312,2238,0.215921077,,,
157221,17.99342312,2250,0.233914501,,,
157234,17.99342312,2263,0.215921077,,,
157246,17.99342312,2275,0.233914501,,,
157259,17.99342312,2288,0.215921077,,,
157271,17.99342312,2300,0.233914501,,,
157284,17.99342312,2313,0.202482764,,,
157296,15.75370422,2325,0.204798155,,,
157309,15.75370422,2338,0.189044451,,,
157321,15.75370422,2350,0.204798155,,,
157334,15.75370422,2363,0.189044451,,,
157346,15.75370422,2375,0.204798155,,,
157359,15.75370422,2388,0.189044451,,,
157371,15.75370422,2400,0.199678888,,,
157384,14.9661247,2413,0.179593496,,,
157396,14.9661247,2425,0.194559621,,,
157409,14.9661247,2438,0.179593496,,,
157421,14.9661247,2450,0.194559621,,,
157434,14.9661247,2463,0.179593496,,,
157446,14.9661247,2475,0.194559621,,,
157459,14.9661247,2488,0.179593496,,,
157471,14.9661247,2500,0.192590778,,,
157484,14.66322575,2513,0.175958709,,,
157496,14.66322575,2525,,,,
